tmc,speed_limit
129P09938,25
129+09938,30
129P09937,30
129+09937,35
129+09936,25
129+09939,25
129P09934,25
129+09941,30
129P09940,30
129+09935,35
129P09941,30
129P09939,30
129+09940,30
129P09945,30
129+09942,30
129+09944,30
129+09943,30
129+09945,30
129N08515,30
129N09934,35
129-09935,35
129-09940,30
129-09943,30
129N09937,30
129-09941,30
129-09944,30
129-09938,25
129-09939,30
129N09941,30
129N09938,25
129N09939,35
129-09937,30
129-09936,30
129N09940,30
129-09934,35
129-09942,30
129+08593,30
129+08590,30
129+08771,30
129+08591,30
129+08596,30
129+08587,30
129P08586,25
129+08594,30
129+08592,30
129+08595,20
129P08588,30
129P08593,30
129P08771,25
129P08595,20
129+08588,30
129+08589,30
129P08596,30
129-08591,30
129-08588,30
129-08592,30
129N08588,30
129-08587,30
129-08770,30
129-08593,30
129-08596,30
129-08590,30
129-08594,30
129N08586,25
129N08771,25
129N08593,30
129N08596,30
129N08595,20
129-08589,30
129-08586,30
129-08459,35
129+50391,30
129-08457,30
129-08444,30
129N08459,30
129-08499,30
129-08447,30
129+50392,30
129+50387,30
129N08443,30
129-08453,30
129N08446,30
129-08456,30
129P50386,30
129N08462,25
129N08461,25
129N08450,30
129+50390,30
129-08448,30
129N08454,30
129N08499,30
129-08445,30
129+50393,30
129-08455,30
129-08458,35
129-08446,30
129-08454,30
129N08444,30
129P50389,30
129N08500,30
129-08449,30
129P50393,30
129N08447,30
129-08450,30
129-08451,30
129N08448,30
129N08449,30
129N08455,30
129-08460,30
129-08461,35
129P50387,30
129-08443,30
129+08444,30
129+08455,30
129+08452,30
129+08450,30
129P08448,30
129P08443,30
129P08459,30
129+08460,35
129+08445,30
129+08454,30
129+08451,30
129+08446,30
129+08457,30
129+08462,35
129+08448,30
129+08459,30
129+08447,30
129P08447,30
129P08452,30
129P08462,25
129P08446,30
129+08458,30
129P08444,30
129P08455,30
129+08456,30
129+08453,30
129+08461,30
129P08461,25
129P08449,30
129+08449,30
129P08450,30
129P08454,30
129P10411,35
129P10092,35
129+10093,35
129+10411,35
129P10093,35
129+10094,35
129+10410,30
129+10095,35
129P10409,30
129N10093,35
129N10092,35
129N10411,35
129-10094,35
129-10409,30
129N10409,30
129-10092,35
129-10410,35
129-10093,35
129P09055,30
129+09050,30
129P09053,30
129+09056,30
129P09056,30
129+09054,30
129+09047,30
129+09055,30
129+09049,55
129+09046,30
129P09048,20
129P09045,30
129+09048,30
129+09053,35
129+09051,30
129P09050,30
129+09052,30
129-09052,35
129-09050,30
129-09053,30
129N09056,30
129N09048,20
129-09048,55
129-09054,30
129N09050,30
129N09055,30
129-09049,30
129-09051,30
129-09046,30
129-09047,30
129-09055,30
129N09045,30
129-09045,30
129+05319,35
129+05315,45
129P05318,40
129P05315,25
129+05317,40
129+05316,40
129+05324,30
129P08405,35
129P05322,45
129P05320,25
129+05322,35
129P05323,30
129P05324,35
129+05321,35
129+08406,35
129+08405,35
129+05320,35
129P05316,40
129+05318,40
129P05319,35
129+05323,35
129N05318,40
129N05322,45
129N05323,30
129-08405,35
129-05323,30
129-05321,35
129-05324,35
129-05314,45
129-05317,40
129-05320,35
129-05319,35
129-05316,40
129N05319,35
129N05316,40
129-05322,35
129N05324,35
129N08405,35
129-05315,40
129-05318,35
129N05320,25
129N05315,25
129N05796,40
129-05794,30
129-06332,45
129-10250,30
129N06331,40
129N06330,30
129N10249,30
129N05795,35
129-06331,40
129-06330,30
129-05795,40
129N05794,30
129-05796,40
129-10248,30
129N10248,30
129-10249,30
129-05793,30
129+05794,30
129+05795,30
129P05795,35
129P06330,30
129P10248,30
129P05796,40
129+05793,30
129+06333,45
129P06331,40
129P05794,30
129+10250,30
129+06331,40
129+10249,30
129+06330,30
129+06332,40
129P10249,30
129+05796,40
129+11336,30
129+11333,25
129+11335,40
129+11334,30
129P11333,15
129+11337,35
129P11338,45
129+11332,45
129P11337,35
129+11338,45
129N11337,20
129-11336,35
129-11334,40
129-11333,30
129-11332,35
129-11337,45
129-11331,45
129-11335,30
129N11338,45
129N11333,15
129+07634,45
129+09030,40
129+09020,40
129+09031,30
129+09023,35
129+07636,50
129P09022,20
129P09031,30
129+09021,35
129+07633,45
129+07635,30
129P09032,30
129+09026,30
129+09025,40
129+09551,45
129P09027,35
129+09029,40
129+09028,30
129+09022,35
129P07635,40
129+09032,30
129P09021,35
129+09019,40
129+09027,35
129P09025,35
129+09024,35
129N07635,40
129-09030,30
129-09022,35
129-09021,35
129N09021,35
129-09028,40
129-09026,35
129-09024,40
129-09020,35
129N09027,35
129N09022,20
129N09025,40
129-09551,40
129-09029,40
129-07636,45
129-07633,45
129N09031,30
129-07635,50
129-09027,30
129-09019,40
129-07634,30
129N09032,30
129-09023,35
129-09025,30
129-07632,45
129-09031,30
129-05825,35
129N05825,45
129-06337,45
129+05825,45
129+06338,35
129P05825,45
129+08162,30
129+08166,40
129P08170,35
129+08170,40
129+08165,40
129+08161,40
129+08167,45
129+08169,25
129P08163,35
129+08164,35
129+08163,20
129+08168,40
129P08164,35
129N08164,35
129-08163,35
129-08167,40
129-08166,45
129-08165,40
129-08169,40
129-08160,40
129-08162,30
129-08168,25
129-08161,30
129-08164,40
129N08163,35
129N08170,35
129+06375,40
129P05642,25
129+06368,45
129P06371,35
129+06366,45
129P05647,45
129P15450,30
129+06369,40
129+06371,35
129P05652,25
129+05644,40
129+05647,45
129+05642,35
129+05645,45
129+05654,30
129+06367,35
129+06365,35
129+05649,30
129+06372,35
129+05655,25
129P06374,40
129+05643,25
129P05655,35
129+05648,35
129P06372,20
129+05650,30
129P06370,35
129P05641,30
129+05652,25
129P05643,40
129P05649,35
129+06370,40
129+06373,35
129+05651,35
129+05646,35
129+06374,40
129+05641,30
129+05653,35
129P05645,35
129N05641,30
129N05642,25
129-06373,25
129N05655,35
129-05652,40
129-06366,25
129-05642,45
129-05653,30
129-06368,45
129N05649,35
129N05643,40
129-06371,35
129-05645,40
129-05650,35
129-05643,35
129-06370,45
129-05648,30
129N06371,35
129N06374,40
129-05646,40
129N06372,20
129-06374,35
129-15450,30
129N06370,35
129-05641,35
129-06375,25
129-05651,35
129-06367,40
129-05649,35
129N15450,30
129-06369,35
129N05652,25
129-06372,30
129N05645,35
129-05644,45
129-05647,35
129-05654,40
129-06365,35
129N05647,45
129N08773,40
129N08760,25
129-08774,40
129-08763,30
129-08761,30
129-08759,25
129-08772,35
129-08762,30
129-08766,50
129-08767,30
129N08768,30
129-15989,30
129-08776,35
129N08758,30
129N08759,20
129-08764,35
129N08767,25
129-08775,35
129-08769,30
129-08765,30
129-08758,30
129-08773,40
129N08764,30
129N08765,25
129N08766,25
129-08768,35
129-08771,35
129+08772,35
129+08767,50
129+08776,35
129P08760,25
129+08770,30
129+08760,25
129P08773,40
129P08759,20
129+08768,30
129P08766,25
129+08762,30
129+08775,40
129+08773,35
129+08763,30
129+08774,45
129+08769,35
129+08764,30
129P08768,30
129P08764,30
129+08765,35
129+08761,30
129P08767,25
129P08765,25
129+08759,30
129+08766,30
129+08777,35
129P08758,30
129-09896,30
129-09909,40
129N09909,35
129N10237,40
129-09899,30
129-09900,45
129-09901,40
129N09895,40
129-09904,25
129-09906,35
129-09897,35
129-09905,35
129-09902,35
129-09908,40
129N09900,30
129-09898,30
129N09899,35
129-09907,40
129-09895,40
129-09903,40
129+09899,30
129+09906,35
129P09899,35
129+09904,40
129+09905,25
129+09903,35
129+09902,40
129+09896,40
129P10237,40
129+09908,40
129P09895,40
129+09898,35
129P09909,35
129P09900,30
129+09910,40
129+09900,30
129+09901,45
129+09907,35
129+09909,40
129+09897,30
129+05537,45
129+05540,45
129+05534,25
129+05541,45
129+05533,45
129+06345,35
129+05538,45
129+05536,35
129+05535,40
129P05539,45
129+05539,45
129P05541,25
129P05538,40
129P10164,25
129-05537,45
129-05539,45
129N05541,20
129-05532,45
129-05535,35
129N05539,45
129-06345,45
129-05536,45
129N05538,40
129-05533,25
129-05540,35
129-05534,40
129-05538,45
129-08115,35
129-08119,35
129N08122,35
129-08112,30
129-08117,45
129-08121,45
129-08114,30
129N08116,35
129N08120,30
129N08115,35
129N08114,35
129-08116,45
129-08118,45
129-08124,30
129-08120,45
129-08123,30
129-08125,25
129-08113,40
129N08118,40
129-08122,35
129+08114,40
129+08117,45
129+08120,35
129+08116,30
129+08118,45
129+08123,35
129+08119,45
129+08121,45
129P08116,35
129+08126,25
129+08113,30
129+08122,45
129P08122,35
129P08114,35
129P08115,35
129P08118,40
129+08124,30
129+08125,30
129P08120,30
129+08115,30
129N05659,40
129N08131,30
129-08129,35
129-05659,40
129-05658,30
129N05656,25
129-05657,30
129-05656,35
129-08130,30
129-08127,45
129-08128,40
129+08131,30
129+05657,35
129+08130,35
129+08129,40
129+08128,45
129+05659,30
129P08131,30
129+05656,40
129P05659,40
129+05658,30
129P05656,25
129-05603,30
129-06326,30
129-05597,35
129-05605,30
129-05602,40
129N05608,25
129-05610,40
129-05611,40
129-06324,40
129-05595,55
129-05609,40
129-05606,30
129N05595,55
129-05600,40
129N05607,45
129-05601,40
129-06325,45
129-05599,45
129-06327,45
129-05596,40
129-05604,45
129-05608,40
129N05597,20
129N05601,40
129-05598,45
129-05594,55
129-05607,45
129+06325,40
129+06327,40
129+05608,45
129+05604,40
129P05607,30
129+05605,40
129+05596,55
129P05608,25
129+05598,35
129+05597,30
129+05610,40
129+05599,45
129+05600,45
129+05607,30
129P05601,45
129P05595,55
129+05612,40
129+05606,40
129+05595,45
129+05602,45
129+05601,45
129+05609,40
129+05603,40
129+05611,30
129+06324,40
129+06326,40
129+04878,30
129+08992,30
129+08993,30
129P08989,35
129+08994,30
129+08990,35
129+04869,30
129+04876,30
129+05785,35
129+05786,35
129+04877,30
129+08987,30
129+04865,30
129+04868,30
129+04871,30
129P05789,45
129+08997,30
129P05787,35
129+04867,30
129P05788,35
129P04871,45
129P05785,35
129P04866,30
129P04869,30
129P04877,30
129P08996,30
129P04863,30
129P04870,30
129+08988,35
129P08987,30
129P08994,30
129+05784,35
129+05788,35
129+04866,30
129+08996,30
129+08995,30
129P04876,30
129+05789,45
129+08991,35
129+08989,35
129P05784,35
129+05787,35
129+04864,30
129P08988,35
129P08997,25
129P08995,30
129+04870,30
129N05787,35
129N08994,30
129-08992,30
129-05787,35
129-08996,30
129-04865,30
129-08987,35
129-08995,30
129N04870,45
129-08988,35
129-08990,35
129-08994,30
129-08991,30
129-04871,35
129-04875,30
129-05786,35
129N04866,30
129-04876,30
129N05784,35
129N04876,30
129-04877,30
129N04863,30
129N08995,30
129N08988,35
129N05785,35
129-04864,30
129-04866,30
129-05785,35
129-04870,45
129-08993,30
129N04878,30
129-05784,35
129-04868,30
129-04863,30
129-05788,30
129N04869,45
129N04871,35
129-08989,35
129-08986,30
129-04867,30
129-04869,45
129N08987,30
129N04877,30
129N05788,35
129N08989,35
129N08997,25
129+07605,40
129+08982,30
129+08983,30
129+08976,40
129+07609,45
129+08980,25
129+08977,30
129+08978,40
129+08985,30
129P08984,30
129P07608,35
129+08981,30
129+08973,40
129+08986,30
129+08987,30
129+07607,35
129+08974,35
129P08220,40
129+08979,40
129+07608,35
129+08984,30
129P08986,30
129P08987,30
129+08975,35
129+07606,35
129+08220,45
129P08979,25
129-08974,35
129-07606,35
129-07607,35
129-08981,30
129-08220,40
129-08982,30
129-08983,30
129-07609,45
129N07608,35
129-08977,40
129-07605,35
129-07604,40
129-08980,30
129N08979,25
129N08986,30
129-08975,40
129-08986,30
129-08984,30
129N08984,30
129N08220,40
129-07608,45
129-08973,35
129-08985,30
129-08976,30
129-08979,25
129-08978,40
129+05670,45
129+05673,35
129+05675,40
129+05671,40
129P05675,40
129+05672,40
129+05674,40
129P05674,40
129P05673,40
129-05669,45
129-05672,35
129N05673,40
129N05675,40
129N05674,40
129-05670,40
129-05671,40
129-05673,40
129-05674,40
129+08687,35
129+05810,35
129+06420,25
129+08689,40
129P05810,30
129+08692,40
129+08686,35
129+08690,50
129+08691,30
129P08691,25
129+08685,30
129+08688,40
129P08685,30
129P06420,25
129-08688,40
129-05810,30
129-08689,50
129-08690,30
129N06420,25
129-06420,35
129N05810,30
129-08691,40
129-08687,40
129-08686,35
129-08685,35
129-06419,25
129+14224,40
129+08674,40
129P08680,30
129P08674,40
129+08678,35
129P08677,40
129+08684,30
129+14226,25
129+08679,35
129+08677,50
129P08676,30
129P14226,30
129+08681,30
129+08683,30
129P14224,25
129+05809,25
129+08676,30
129+08682,30
129P08675,30
129P08683,30
129+08673,45
129P08679,35
129+06419,30
129+08675,30
129+08680,30
129N14226,30
129-08674,30
129-08676,50
129-08684,25
129N14224,25
129-14224,35
129-08679,30
129N08677,40
129-08681,30
129N08674,40
129N08676,30
129N08675,30
129-08673,40
129-08683,30
129-05809,25
129-14226,30
129-08672,45
129-08680,30
129-08677,25
129-08682,30
129N08680,30
129-08678,35
129N08679,35
129N08683,30
129-08675,30
129+10214,30
129+10206,50
129P10212,30
129+10201,30
129+10204,45
129+10207,45
129+10211,35
129+10215,40
129P10201,30
129P10213,40
129+10203,25
129+10213,45
129+10208,35
129P10210,35
129+10212,30
129P10211,25
129P10215,30
129+10202,40
129+10209,40
129+10210,40
129P10205,50
129+10205,50
129-10201,40
129-10206,45
129-10205,50
129N10215,30
129-10212,45
129-10202,25
129N10211,25
129-10200,30
129-10204,50
129N10205,50
129-10214,40
129N10210,35
129N10212,30
129-10211,30
129-10208,40
129-10207,35
129-10203,45
129-10213,30
129N10201,30
129-10209,40
129N10213,40
129-10210,35
129+06290,30
129+05387,30
129+05382,35
129+05367,45
129+05388,30
129+06281,35
129P05378,40
129P05367,45
129+05379,45
129P15504,35
129P14215,30
129+06280,45
129P05371,40
129+06283,30
129+08518,30
129+15612,30
129+05386,30
129+05377,35
129+05376,30
129+05368,35
129+08517,30
129+05374,40
129+05385,30
129+14215,30
129+05384,35
129+05381,35
129+06284,30
129+05371,40
129P06281,35
129P05387,30
129P05369,30
129P06284,30
129P05379,40
129P05381,35
129+06282,30
129+05372,50
129+05389,30
129+05383,35
129+05380,40
129P05375,30
129+15504,35
129P05382,35
129P05386,30
129P08518,25
129+05369,30
129+05378,40
129P06290,30
129+05370,30
129+05375,30
129P05389,30
129N05384,35
129N05378,40
129N06281,35
129N05382,35
129-06283,30
129-05383,35
129-05382,35
129-05377,35
129-05381,30
129-05384,35
129-05380,35
129-05386,30
129-05388,30
129N15504,35
129-05368,25
129-05367,35
129-05370,40
129N05387,30
129-05375,30
129N05375,30
129-14215,30
129N05381,35
129-05378,45
129-15504,35
129-05372,40
129-05376,35
129N05367,40
129-06281,40
129N05369,25
129-05385,30
129-06280,40
129-05379,40
129-06282,30
129-06290,30
129N05379,40
129N05389,30
129-08516,30
129N14215,30
129N05386,30
129-08517,30
129-05366,40
129N05371,40
129-06284,30
129-05374,30
129N06284,30
129-05387,30
129-05369,35
129-05371,50
129-08372,30
129N08429,25
129-14331,30
129N08373,30
129N08377,25
129-08430,30
129N14331,30
129N08431,25
129N08370,30
129-08373,30
129-08374,30
129N08368,35
129N08505,25
129-08370,30
129-08368,30
129-08375,30
129-08369,30
129-08371,30
129N08369,30
129N08378,25
129N08374,30
129-08377,25
129-08429,30
129N08371,30
129+08371,30
129+08378,30
129+08431,30
129+08372,30
129+08370,30
129+08375,30
129+14331,30
129+08374,30
129+08377,30
129P08377,25
129P08370,30
129+08430,30
129P08369,30
129P08505,25
129P08378,30
129P08375,25
129P08431,25
129P08368,35
129P08374,30
129P08429,30
129P08371,30
129+08373,30
129+08369,30
129P08373,30
129+08176,35
129+08173,35
129P08155,45
129+08177,30
129P08174,40
129P10444,35
129+08178,35
129+08181,30
129+08179,25
129+08172,30
129+08174,35
129+08175,40
129P08171,45
129P08181,30
129+10443,35
129P08172,30
129+10444,35
129P08179,25
129+08180,30
129P08178,25
129-08173,40
129-08176,30
129-08174,40
129-10443,35
129N08179,25
129N10442,35
129-08172,35
129-08180,30
129-10442,35
129-08178,25
129N08174,40
129N10444,35
129N08172,30
129N08155,45
129N08171,45
129-08171,30
129-08179,30
129-08175,35
129N08178,25
129N08181,30
129-08177,35
129+05703,40
129P06316,25
129+05684,35
129+05708,30
129+05690,40
129+05696,30
129+06318,35
129P05680,25
129+06316,25
129P08741,30
129+05705,35
129P05698,30
129+05697,35
129P05710,35
129+05680,45
129+08741,40
129+05691,40
129+06317,35
129+05693,40
129P05707,25
129P05679,45
129+05699,30
129+05702,40
129+05686,40
129+05685,40
129+05689,40
129+05695,30
129+05687,35
129+05709,35
129+05682,40
129+08740,35
129+05692,55
129P05690,25
129P05706,35
129+08742,40
129P05693,40
129+05707,30
129+05701,25
129P05692,40
129+06315,40
129+05688,35
129+05694,30
129P05701,25
129+05698,30
129+05704,40
129+05710,30
129+05700,35
129+05683,35
129+05706,35
129+05681,30
129P05686,25
129P08740,30
129-05684,35
129-05704,35
129-08740,40
129-05701,40
129-05685,40
129-05692,40
129-05691,55
129-05699,35
129N05693,40
129-05702,40
129-05688,40
129-05710,35
129N05701,25
129-05708,35
129-05681,40
129-05694,30
129N08741,30
129-05687,35
129N05680,25
129N05706,35
129N05692,40
129N05686,25
129-05703,40
129-05693,30
129N08740,30
129-05686,35
129-05695,30
129-06316,40
129N05710,35
129N05690,25
129N05698,30
129-05682,35
129-05697,30
129-06315,25
129-05689,40
129-06317,40
129-08741,40
129-05700,35
129-05709,30
129-05706,30
129-05705,35
129N05679,45
129-05680,30
129-05707,30
129-05679,45
129N06316,25
129-05696,35
129-05690,40
129-05683,35
129N05707,30
129-05698,30
129-06318,25
129+06484,40
129P05813,30
129P06484,40
129+06490,30
129+06483,40
129+05816,30
129+05814,35
129P05818,45
129P16093,30
129+06485,40
129P05815,35
129P05816,30
129+16092,35
129+05818,40
129+06480,30
129+16093,30
129+05815,35
129+06481,40
129+05817,30
129P05817,40
129+06482,30
129P05814,35
129P06480,30
129-06481,30
129-05817,30
129-05814,35
129-05813,35
129N05814,35
129-06485,45
129N05817,40
129-06483,40
129-06490,35
129-16093,30
129-06480,35
129N06484,40
129N06490,35
129-16092,30
129N05818,45
129N05815,35
129N05816,25
129-05816,40
129-06482,35
129-06484,40
129-05815,35
129+05580,35
129+05579,25
129+05581,35
129+05575,45
129P06479,30
129+05572,30
129P05574,45
129P05577,30
129P05576,45
129+05578,20
129+06477,30
129+05573,30
129+06473,30
129+05576,45
129P06478,25
129+05577,30
129+05574,30
129+06479,30
129+06476,45
129+05811,30
129P06477,30
129+05583,30
129+06478,25
129+05582,30
129+06474,35
129+06475,50
129P05582,30
129-05572,40
129-05579,30
129-05577,20
129-05571,40
129-05573,35
129-06476,40
129-05581,30
129-06475,45
129N05574,45
129-05574,50
129-05578,30
129N06479,30
129-06477,20
129-06478,30
129N05579,30
129N05577,20
129-05582,30
129-05575,40
129N05578,30
129-06479,30
129-05583,30
129-06474,30
129-05580,30
129-05576,30
129N06477,20
129N05576,35
129-09078,40
129N09075,35
129+15397,40
129-09077,30
129N09073,25
129N09078,45
129-09075,35
129-09076,30
129-09073,35
129N09077,30
129P15397,40
129N09074,35
129-09079,40
129-09074,35
129+09075,35
129+09076,35
129P09074,25
129+09074,35
129P09078,45
129P09077,30
129+09079,40
129+09077,30
129P09075,35
129+09078,30
129P09073,25
129+09080,40
129-09086,35
129N04752,25
129-04748,45
129P15396,40
129-04751,40
129-04746,45
129N05824,40
129-09087,45
129N04751,40
129-04750,45
129N09086,25
129-04749,45
129-05823,45
129N05823,25
129N09087,40
129-05824,45
129-06336,40
129N04750,45
129-04747,45
C-165-21,45
129N04747,45
129+04748,45
129+04750,45
129N15396,40
129P05823,25
129+04749,45
129+09087,35
129+05824,40
129+04747,45
129P04751,40
129+04751,45
129P04750,45
129+06337,45
129P09086,25
129+06336,45
129+04752,40
129P09087,40
129P04747,45
129P05824,40
129+09088,45
C-166-10,25
129+08832,45
129+08843,30
129P08832,45
129+08840,30
129+08833,45
129+08836,35
129+08838,35
129+08835,35
129+08841,30
129+08839,35
129+09569,35
129+08829,40
129+08834,35
129+08842,30
129+08827,35
129P08831,40
129+08837,35
129+08828,40
129+08830,25
129P08828,40
129P08827,35
129P08834,35
129P08843,30
129+08831,45
129P08835,35
129-09569,30
129-08828,40
129-08832,45
129N08834,35
129-08833,35
129-08826,30
129-08830,45
129N08826,30
129N08835,35
129-08834,35
129N08831,40
129-08836,35
129N08828,40
129-08842,30
129-08840,30
129-08839,30
129-08829,25
129N08832,45
129N08827,40
129-08827,40
129-08831,45
129-08837,35
129-08835,35
129-08841,30
129-08838,35
129+08824,45
129+08821,35
129+08822,35
129+08825,40
129P08825,30
129+09568,40
129+08826,50
129+08823,30
129-08824,40
129-08823,45
129-08820,35
129-08821,35
129N08825,30
129-09568,40
129-08822,30
129-08825,45
129+08295,40
129+10061,40
129P10238,40
129+08288,35
129P10056,30
129P10061,40
129+08289,40
129P10057,30
129+08291,35
129+10057,30
129+10055,25
129+08292,40
129+08293,40
129+08294,35
129P08287,20
129P08290,35
129+10239,30
129P10053,30
C-171-15,30
129P10060,40
129+08290,35
129+10056,30
129P10054,25
129+10054,30
129-08287,35
129-08292,40
129N10054,25
129-08288,40
129N10053,30
129N10056,30
129-08289,35
129-08291,40
129N10239,30
129-10060,40
129-08293,35
129-10054,25
129-10238,30
129N08290,35
129-10053,30
129-10056,30
129-08294,40
129N10057,30
129N10238,40
129N10060,40
129N08287,20
129N10061,40
129-10055,30
129-08290,35
129P08791,30
129+08785,30
129P08785,30
129+08799,35
129+08793,30
129+08794,30
129+08796,25
129+08795,25
129+08797,30
129+08798,40
129+08791,30
129+08800,40
129P10565,30
129+08792,30
129+08787,30
129P08792,30
129P08796,25
129P08795,25
129-04868,30
129P08789,30
129+08790,30
129P08784,30
129P08786,30
129P08790,30
129+10565,30
129P08787,25
129+08786,30
129-08784,30
129-08799,40
129-10564,30
129N08791,30
129-08791,30
129-08794,25
129N08784,30
129-08790,30
129-08785,30
129+04869,30
129-08797,40
129N08786,30
129N08796,25
129-08786,30
129N10565,30
129N08795,25
129-08796,30
129-08798,35
129N08792,30
129-08789,30
129N08790,30
129-08792,30
129-08795,25
129N08785,30
129-08793,30
C-174-16,30
129+08080,30
129+08067,50
129+08070,50
129+08065,45
129+08072,45
129+08062,35
129P08070,50
129+08084,30
129P08068,50
129P08059,45
129P08073,25
129+08071,35
129P08082,35
129P08067,20
129P08076,35
129+08082,35
129+08075,35
129+08079,30
129+08073,45
129+08077,30
129+08060,35
129+08061,40
129+08066,45
129+08078,30
129+08064,35
129+08081,35
129+08083,35
129P08075,35
129+08076,35
129+08068,50
129P14212,30
129P08066,35
129P08078,30
129+08063,25
129+08069,50
129+08074,40
129P08065,45
129P08061,40
129+14212,30
129P08083,35
129P08063,35
129P08072,40
129-08073,40
129-08059,35
129-08080,35
129-08064,45
129N08063,40
129-08063,35
129-08074,35
129-08081,35
129-08065,45
129-08061,35
129-08071,45
129N08070,50
129N08068,50
129N08065,45
129N08076,35
129N08083,30
129-08067,50
129-08066,50
129N08062,35
129N08073,40
129-08060,40
129-08062,25
129N08075,35
129N08078,30
129-08083,30
129-08075,35
129-08068,50
129-08069,50
129-14212,30
129N14212,30
129N08059,45
129-08077,30
129-08079,30
129N08066,35
129-08082,35
129-08076,30
129-08070,35
129N08067,20
129N08061,40
129N08082,35
129-08078,30
129N08072,40
129-08072,45
129+08846,35
129P08459,30
129+08460,35
129+08845,35
129P08846,35
129P08844,35
129+08848,40
129+08461,30
129P08845,35
129P09016,35
129P08847,25
129-08459,35
129N08847,25
129N09016,30
129N08846,35
129-08845,35
129N08845,35
129N08844,35
129-08844,35
129-08847,40
129-08460,30
129+08320,35
129+08306,40
129P08324,35
129+08322,35
129P08311,35
129+08314,35
129+08321,35
129+08309,50
129P08309,40
129+08317,45
129P08305,40
129+08316,35
129+08319,35
129+08307,45
129+08324,35
129+08310,45
129+08308,45
129+08313,40
129P08313,35
129+08311,35
129P08315,35
129P08323,25
129+08312,45
129+08323,35
129+08315,40
129P08306,25
129P08319,35
129+08318,35
129-08315,35
129-08321,35
129-08312,40
129-08322,35
129-08320,35
129-08307,45
129N08306,25
129N08305,40
129-08309,45
129-08308,50
129N08315,35
129-08317,35
129N08324,35
129N08323,35
129N08319,35
129-08305,40
129-08311,45
129-08319,35
129-08318,35
129-08316,45
129-08306,45
129-08310,35
129N08313,35
129N08309,40
129-08323,35
129N08311,35
129-08313,35
129-08314,40
129-08700,30
129N08703,20
129-08708,25
129-08710,30
129-08707,30
129-08704,20
129-08711,35
129N05791,20
129-08697,30
129N08707,25
129N08699,30
129-08703,20
129N08710,30
129+05384,35
129N08697,35
129-05790,30
129-08709,30
129N05790,30
129-08701,20
129-08705,20
129-08712,25
129-05791,30
129N08711,20
129-08698,30
129-08702,25
129N08708,25
129N08701,20
129N08706,25
129-08699,30
129N08705,20
129N08702,20
129-08706,35
129N08704,20
129N08709,30
129N08713,25
129-05792,30
129N08712,25
129N05792,25
129+05792,30
129-05383,35
129P08710,30
129P08708,25
129P08707,25
129P08709,30
129P08713,25
129P08701,20
129+08710,30
129+08709,25
129P05792,25
129+08713,25
129+08698,30
129+08705,20
129+08700,30
129P08712,25
129+08703,25
129+08712,35
129+08702,20
129P08706,20
129+08708,25
129P08702,20
129+08704,20
129P08704,20
129P08697,35
129+05791,30
129P08705,20
129P05790,30
129P08703,20
129P05791,20
129P08699,30
129+08699,30
129+08706,20
129+08711,30
129+08697,30
129P08711,20
129+08707,35
129+08701,30
129+08954,40
129+08962,35
129+08960,40
129+08945,20
129+08946,25
129+08963,35
129+08961,35
129+08955,35
129+08957,30
129+08950,30
129+08941,30
129+08956,40
129+08951,35
129P08960,40
129+08942,35
129+08953,40
129+08964,25
129P08961,35
129P08955,40
129P08956,40
129+08952,40
129P08951,30
129+08944,25
129+08958,30
129+08959,30
129P08959,25
129+08947,25
129+08948,35
129P08947,45
129P08964,25
129+08949,35
129+08943,30
129-08943,25
129-08958,30
129-08941,35
129-08957,30
129-08953,40
129-08950,35
129-08960,35
129-08959,40
129-08947,35
129-08952,40
129-08945,25
129-08951,40
129N08960,40
129N08955,40
129N08964,25
129-08942,30
129-08944,20
129-08949,30
129-08954,35
129N08956,40
129-08961,35
129-08940,30
129-08948,35
129-08963,25
129-08946,25
129-08956,30
129-08955,40
129N08947,45
129N08959,25
129N08951,30
129-08962,35
129N08961,35
129P08938,30
129+08926,30
129+08929,25
129+08927,40
129P08940,40
129P08923,40
129+08938,40
129+08935,30
129+08941,30
129+08937,30
129+08928,35
129+08940,25
129+08932,35
129+08936,25
129P08934,35
129+08924,50
129+08925,40
129+08930,25
129P08928,35
129+08934,35
129+08933,30
129+08939,30
129+08931,35
129P08924,30
129P08936,20
129P08929,25
129-08937,40
129-08931,35
129-08923,50
129-08928,25
129-08935,25
129N08928,35
129-08927,35
129N08938,30
129N08923,40
129N08936,20
129N08929,25
129-08930,35
129-08933,35
129N08924,30
129N08934,35
129-08938,30
129-08929,25
129-08926,40
129-08940,30
129-08936,30
129-08925,30
129-08932,30
129-08924,40
129N08940,40
129-08939,25
129-08934,30
129+08903,40
129+08901,35
129P08908,30
129P08910,25
129P08902,35
129+08902,40
129+07619,30
129+08907,35
129+08900,40
129+08905,40
129+08910,40
129+08909,30
129+08906,30
129P07619,40
129P07618,30
129P08907,40
129+08908,30
129+08904,30
129-07618,30
129-08904,40
129N08907,40
129-08909,40
129N07618,30
129-08906,35
129-08907,30
129N08908,30
129-08908,30
129-08903,30
129-07619,40
129-08901,40
129N07619,40
129N08902,35
129-08905,30
129-08900,35
129-08902,40
129+04829,45
129+04834,50
129+04853,30
129+04855,30
129+04828,50
129+04831,45
129+04825,40
129+04827,45
129+04826,50
129+04820,40
129+04832,40
129P04824,40
129P04853,30
129P08613,30
129+04837,35
129+04835,40
129+05440,30
129+04833,45
129P04837,35
129+04821,40
129P05439,30
129+04854,30
129+04839,35
129+04840,30
129+04824,40
129+04836,35
129+04856,30
129+04857,30
129+08614,30
129P08614,30
129P04832,45
129P04833,50
129P04830,40
129P04820,40
129P04827,50
129+04822,50
129P04826,50
129P04835,35
129P08609,30
129P05440,30
129+08609,30
129+05439,30
129P04823,40
129P04840,30
129+04838,35
129+04830,45
129+04841,30
129+04823,40
129-15594,20
129-04819,50
129-04822,50
129-04836,40
129-04826,50
129-04857,30
129N04827,50
129-04854,30
129-04830,40
129-04829,45
129-04825,50
129-04834,45
129N04823,40
129-04853,30
129-04823,40
129N04820,50
129N04835,45
129N04832,45
129N04841,30
129N04833,50
129-04855,30
129N04826,50
129-04821,50
129-04841,30
129N05439,30
129N04824,40
129-04840,30
129-04832,45
129-04837,35
129-04835,35
129-05439,30
129-04838,35
129-10918,30
129-04839,30
129N04837,35
129-04824,40
129-04828,40
129-04833,50
129-04827,45
129N04840,30
129N05440,30
129-04856,30
129-04831,45
129-04820,50
129N10919,20
129+04810,50
129+04816,40
129+04806,45
129+04815,50
129+04807,45
129P04808,45
129P04810,50
129+04814,50
129+04817,50
129+04819,45
129+04811,50
129P04815,50
129P04816,40
129P04804,50
129P04817,45
129+04812,50
129P04809,45
129P04803,55
129+04809,45
129+04805,50
129+04813,40
129P04813,50
129+04804,50
129+04808,50
129+04818,45
129P04819,40
129N04817,45
129-04809,45
129-04811,45
129N04804,50
129N04819,40
129N04814,50
129N04815,50
129-04805,45
129N04812,45
129N04808,45
129-04813,45
129-04818,45
129-04816,45
129-04817,45
129N04803,50
129N04816,40
129-04808,45
129-04810,45
129-04804,50
129-04814,50
129-04807,50
129-04806,50
129-04812,45
129-04815,40
129N04813,45
129-04803,50
129N04809,45
129N04810,45
129+08564,40
129+08562,30
129+09555,40
129+08567,30
129+08668,40
129+08565,40
129+08563,40
129P08564,40
129P08561,30
129P08563,40
129+08568,30
129+08566,30
129P08568,35
129P08562,40
129P08565,25
129+08666,40
129-08666,40
129-08567,30
129-08561,30
129-09555,40
129N08563,40
129N08562,40
129-08563,40
129-08565,30
129N08564,40
129-08564,40
129N08565,25
129-08562,40
129N08568,35
129N08561,30
129-08668,40
129-08566,30
129+06847,50
129+06848,50
129+04787,45
129P04787,45
129P04785,50
129+06849,50
129+04784,50
129+04783,50
129+06845,50
129P04783,50
129+06846,45
129+04785,50
129+04786,50
129P04784,50
129N04782,50
129N04785,45
129-04786,45
129N04784,50
129-06845,45
129-06848,55
129N04783,50
129N04787,40
129-04785,45
129-04787,50
129-04784,50
129-06846,50
129-04783,50
129-06847,50
129N04786,45
129-04782,50
129+04760,55
129+04791,50
129+04795,55
129+04797,45
129+04788,55
129+04796,45
129P04799,50
129+04798,45
129+04793,40
129+04792,50
129+04769,50
129+04801,50
129+04789,50
129P04797,45
129P04801,45
129P04802,45
129+04802,45
129P04798,50
129P08236,45
129+04794,45
129P04793,40
129+04799,50
129P04788,45
129P04791,50
129+04800,50
129+04790,50
129P04744,55
129N04793,45
129-04799,45
129-04793,45
129-04789,50
129-04791,50
129N04791,50
129-04788,50
129-04801,50
129N04788,45
129-04796,45
129-04744,55
129N08236,40
129-04794,55
129-04792,45
129N04800,45
129-04769,55
129-04800,45
129-04790,50
129N04744,55
129N04801,45
129N04802,30
129-04760,50
129-04798,45
129-04797,45
129-04795,45
129N04797,45
129N04798,45
129+08721,40
129-08707,30
129+08719,35
129P08720,30
129+08717,25
129+09282,40
129P09281,40
129+09283,35
129P09282,40
129P08716,30
129+08718,30
129+08720,35
129N08716,25
129-08719,30
129-08717,30
129-09282,35
129-09281,40
129-08718,35
129-08720,35
129N09282,40
129+08708,25
129-08716,25
129N09281,40
129N08720,30
129+08242,30
129P10008,35
129+08237,45
129+08243,35
129P08243,25
129+08241,30
129P08240,25
129+08238,45
129P08237,45
129P08239,45
129+08240,45
129P08244,35
129+08244,35
129+10009,35
129P08238,45
129-08236,35
129-08239,40
129N08240,25
129-08240,30
129N08239,45
129-08241,35
129N08237,35
129-08242,35
129N08238,45
129-10008,30
129N08244,35
129-08243,35
129N08243,25
129-08237,45
129+10232,30
129+10228,30
129P10227,30
129P10217,30
129+10218,40
129+10217,35
129+10226,30
129+10229,30
129+10227,30
129P10221,30
129P10222,30
129+10230,30
129P10229,30
129+10221,40
129+10219,40
129P51661,30
129+10222,30
129+10231,30
129+10225,25
129+10220,40
129N10229,30
129N10216,40
129-10217,40
129N10222,30
129-10220,40
129-10218,40
129-10228,30
129N10226,30
129N10217,30
129-10230,30
129-10229,30
129-10221,30
129-10225,30
129-10216,35
129-10227,30
129N51661,30
129N10230,30
129-10226,30
129N10221,30
129-10224,30
129N10227,30
129-10219,40
129N04888,40
129N04890,40
129N08475,35
129-04888,40
129-08475,35
129N04889,40
129+04892,40
129+04895,40
129+04894,40
129-04890,40
129P04892,40
129-08473,40
129P04894,40
129-04889,40
129P04896,40
129N08474,40
129+04893,40
129N08473,40
129+04896,40
129P04893,40
129P04891,40
129+04890,35
129-04893,40
129+08473,35
129P04890,35
129N04893,40
129N04891,35
129P08474,35
129-04894,40
129N04896,40
129+08474,35
129-04895,40
129+08476,35
129-04892,40
129-04891,40
129P08473,35
129+04889,35
129P04888,35
129P08476,35
129N04894,40
129P08475,35
129+08475,35
129P04889,35
129N04880,35
129-04873,30
129-04883,35
129P08557,30
129-04884,35
129-04875,30
129N04872,30
129-04876,30
129N04876,30
129-04877,30
129+08553,30
129N04881,35
129+08555,30
129N04882,20
129N04887,30
129-04872,30
129-04874,30
129+08557,30
129-04880,35
129P08669,30
129-04885,35
129P08555,30
129-04881,35
129-04886,35
129-04882,35
129P08553,30
129N04877,30
129P08556,30
129P08554,30
129N04886,35
129+04881,35
129+04878,30
129+04886,35
129N08555,30
129+04882,35
129-08556,30
129N08557,30
129P04882,20
129+04876,30
129N08554,30
129+04877,30
129+04875,30
129P04873,30
129N08669,30
129N08552,30
129-08552,30
129P04887,35
129P04872,35
129-08554,30
129P04880,35
129P04881,35
129P04877,30
129P04886,35
129N08553,30
129N08556,30
129+04874,30
129+04883,25
129+04885,35
129P04876,30
129+04887,35
129+04884,35
129+04873,30
129P04878,30
129N08691,25
C-173-07,
C-174-20,
C-209-21,
C-210-10,
129-08474,35
129N08476,35
129N06480,35
129-15988,25
129-08760,25
129+15989,25
129+15988,25
129N08723,40
129P08723,40
129-08456,30
129-08722,35
129-08723,40
129-08724,30
129N08722,30
129P14991,35
129+08457,30
129P08708,25
129+08725,30
129P08722,30
129+08723,35
129+05825,45
129-06337,45
129-06419,25
129+06420,25
129P06420,25
129P06477,30
129-08770,30
129-08596,30
129N08771,25
129N08596,30
129+08771,30
129+08596,30
129P08771,25
129P08596,30
129+08442,35
129-08439,35
129-08441,35
129+08440,35
129+08434,30
129+08433,30
129+08436,30
129+08435,30
129-08432,30
129-08434,30
129-08435,30
129-08433,30
129+08637,25
129+08634,30
129+08638,25
129+09567,30
129+08635,30
129+08636,30
129+08507,30
129+08506,30
129+10339,30
129+10340,30
129+08510,30
129-08505,30
129+08509,30
129-08506,30
129+10101,35
129+10100,35
129+10099,35
129+08403,30
129+10851,30
129-10100,35
129-10099,30
129-10850,30
129-08402,35
129-10098,35
129+10032,30
129+10036,30
129+10033,30
129+10035,30
129+10039,30
129+10034,30
129+08345,30
129+08353,30
129+10037,30
129+08354,30
129+10038,30
129-10031,30
129-10036,30
129-08353,30
129-10037,30
129-10032,30
129-10033,30
129-10034,30
129-08344,30
129-10035,30
129-08352,30
129-10038,30
129+04916,30
129+04915,35
129-04914,35
129-04915,30
129N08440,35
129P08441,35
129P08442,35
129N08442,35
129N08441,35
129P08440,35
129P08432,30
129P08435,30
129P08436,30
129N08436,30
129N08435,30
129N08432,30
129P09567,30
129P08637,25
129P10338,30
129P10339,30
129P10340,30
C-217-02,30
129-08631,30
129P08508,30
C-218-04,30
129P08084,35
129P10098,35
129P10099,35
129P10100,35
C-219-07,30
129P10850,30
129P10851,30
129P10038,30
129N10851,30
129N10850,30
129N10101,30
129N10100,30
129N10099,30
129N10098,35
129P08352,30
129P08354,30
129P10031,30
129P10032,30
129P10033,30
129N10038,30
129N10033,30
129N10032,30
129N08354,30
129N10031,30
129N08352,30
129P04914,35
129P04915,35
129N04914,35
129N04915,15
129-04913,35
129N04913,35
129+08724,40
129P08552,35
129N08439,35
129P08439,35
129N08685,30
129N08681,30
129P08681,30
129-06473,30
129P10226,30
129P10191,30
129N10043,30
C-173-11,20
129P08062,35
C-177-14,30
C-178-02,30
C-192-03,30
C-205-09,30
C-205-11,
C-206-11,
C-206-13,30
129P10230,30
C-205-19,30
C-172-08,30
C-165-10,25
129+04109,55
129+04745,45
129+04666,55
129P05867,55
129+05867,55
129N04186,60
129+04779,50
129+04919,45
129N04434,45
129N04661,65
129N04775,50
129N04136,65
129N04289,65
129N04177,40
129N04334,55
129N04357,55
129N04390,65
129N04427,40
129N04125,45
129N04354,55
129N04182,60
129N04345,65
129N04262,50
129N04406,55
129P04370,55
129N04382,55
129+04369,55
129N04295,65
129+04405,55
129+04103,55
129+04118,45
129+04366,55
129P04274,65
129+04280,65
129+04435,45
129+04343,65
129+04423,65
129+04115,45
129P04144,65
129+04322,65
129+04272,35
129+04748,45
129-04376,55
129-04643,55
129+04384,55
129+04428,50
129N04613,65
129N04303,65
129+04344,65
129+04128,55
129-04361,55
129+04348,65
129+04750,45
129-04328,50
129+04775,50
129+16182,65
129P04294,65
129N04099,55
129-14217,55
129N04108,55
129N04313,55
129N04272,55
129-14199,45
129-04329,55
129-04333,55
129+04269,55
129+04443,65
129-04271,55
129-04386,65
129-04387,65
129+04138,65
129N04271,55
129N05867,65
129P04320,65
129P04355,55
129P04386,65
129N04323,65
129+04278,65
129N04665,55
129+04398,65
129N04401,55
129N04752,25
129+04146,65
129N04782,50
129+13228,65
129-04248,55
129-04254,55
129-04460,65
129+04119,45
129-04113,45
129+04187,60
129+04481,55
129-16182,65
129-04133,65
129-04420,50
129-04317,65
129-04462,55
129-04756,55
129-04104,55
129-04381,55
129-04106,55
129+04129,55
129+04276,65
129N04253,55
129N04336,55
129N04779,50
129-04342,65
129+04279,65
129-04270,55
129+04771,50
129-04249,55
129-04753,55
129-04099,55
129N04297,65
129N04315,65
129+04624,65
129P04375,55
129P04362,55
129P04433,45
129-04296,65
129+13229,65
129-04667,55
129-04244,55
129-04383,55
129+04349,65
129-04140,65
129+04113,55
129+04131,65
129+04193,60
129P04399,65
129-04130,65
129-04299,65
129P04124,45
129P04138,65
129+04442,65
129-04625,65
129-04269,55
129-04334,55
129-04416,50
129-04640,55
129-04461,65
129+04781,50
129N04385,50
129N04642,55
129N04920,25
129N05584,40
129-04193,55
129-04145,65
129-04125,55
129-04332,55
129-04318,65
129-04339,65
129-04406,55
129-04644,55
129-04268,55
129-04626,65
129+04413,25
129N04481,55
129-04136,65
129-04282,65
129-04427,55
129P04249,55
129P04247,55
129P04407,55
129-04298,65
129-04351,55
129-04388,65
129-04918,45
129-04245,55
129P04432,45
129-04312,55
129-04748,45
129P04448,65
129N04443,65
129-04191,60
129N04280,65
129N04347,65
129N04403,55
129-04186,60
129-04242,55
129-04399,65
129P04301,65
129+04392,65
129N04324,65
129N04638,55
129N04376,55
129-04341,65
129-04390,65
129-04410,30
129-04434,45
129-04778,50
129P04111,55
129P04430,30
129-04413,45
129-04182,60
129-04323,65
129-04347,65
129+04362,55
129+04111,55
129-04327,55
129-04479,55
129N04278,65
129N04325,65
129P04184,60
129P04405,55
129P04640,55
129P04782,50
129+04460,65
129+04293,65
129+04335,55
129-04777,50
129-04775,50
129N04447,65
129N04400,50
129N04417,50
129N04430,30
129P04267,55
129P04302,65
129+04244,55
129+04390,65
129-04771,50
129N04393,65
129N04122,45
129N04424,65
129+04360,55
129P04337,55
129P04447,65
129+04264,50
129+04288,65
129+04385,50
129+04099,55
129+04132,65
129N04372,55
129P04178,60
129+04304,65
129+04135,65
129+04401,55
129N04404,55
129N04277,65
129+04432,55
129+04628,65
129P04395,65
129N04188,60
129P04325,45
129P04288,65
129P04462,40
129P04644,55
129N04381,55
129N04460,65
129N04311,55
129P04338,55
129P04643,55
129N04130,55
129N04355,55
129N04462,65
129+04430,55
129P04665,55
129P04122,45
129+04300,65
129P04253,55
129+04351,65
129N04179,60
129N04246,55
129N04107,55
129N04116,45
129P04352,55
129N04285,65
129P04105,55
129P04299,65
129P04419,55
129P04743,45
129N04368,55
129-04124,45
129-04117,45
129-04306,65
129P04119,45
129P04182,60
129P04282,65
129-04139,65
129-04364,55
129N04433,45
129N04756,55
129P04133,65
129P04243,55
129P04313,55
129N04184,60
129-04337,55
129-04378,55
129-04315,65
129-04353,55
129-04279,65
129-04316,65
129-04394,65
129N04388,65
129N04144,65
129+04130,55
129+04353,55
129-04111,55
129-04267,55
129-04340,65
129P04279,65
129-04300,65
129P04481,55
129N04121,45
129-04357,55
129-04265,55
129N04126,55
129-04428,55
129-04303,65
129-04289,65
129N04194,55
129N04286,65
129N04379,55
129P04429,55
129P04266,55
129-04344,65
129-04425,65
129-04678,65
129-04661,65
129-04384,55
129P04360,55
129-04400,55
129-04751,35
129-04338,55
129-04372,55
129-04385,65
129-04177,60
129-04433,45
129-04285,65
129-04120,45
129-04278,65
129N04127,55
129N04772,50
129P04245,55
129-04746,45
129N04128,55
129+04373,55
129-04274,65
129-04122,45
129-04281,65
129P04110,55
129-04379,55
129N04448,65
129-04309,65
129-04365,55
129N04141,65
129N04269,55
129-04398,65
129-04770,50
129-04780,50
129+04376,55
129+04776,50
129N04310,65
129N04291,65
129N04364,55
129N04639,55
129N04250,55
129P04244,55
129P04332,55
129P04339,65
129N14199,45
129-04322,65
129-04445,65
129N04626,65
129-04118,45
129N04479,55
129N04360,55
129N04117,45
129N04124,45
129N04449,65
129-04123,45
129-04430,30
129-04320,65
129-04638,55
129N04287,65
129N04392,65
129N04361,55
129N04105,55
129-04311,55
129N04412,15
129N04288,65
129N04306,65
129N04918,45
129+04753,45
129+04270,55
129+04381,55
129N04102,55
129N04442,65
129-04666,55
129N04101,55
129N04337,55
129+04920,45
129N04389,65
129N04119,45
129N04409,30
129P04131,65
129P04296,65
129P04341,65
129N04248,55
129N04359,55
129N04329,55
129-04431,50
129N04298,65
129N04451,50
129N04678,65
129P04366,55
129+04307,65
129N04273,65
129N04391,65
129P04121,45
129P04297,65
129P04134,65
129P04661,65
129+04296,65
129+04394,65
129+04139,65
129N04302,65
129+04121,45
129+04314,55
129N04111,55
129+04106,55
129+04347,65
129N04408,55
129+04749,45
129-04188,60
129-04382,55
129+04102,55
129+04754,45
129+04417,50
129N04187,60
129N04331,55
129N04373,55
129N04919,45
129N04394,65
129+04639,55
129+04249,55
129N04425,65
129N04615,40
129N04628,65
129N04667,55
129+04400,30
129+04444,65
129-04402,55
129+04281,65
129N04773,50
129+14217,50
129-04305,65
129-04459,65
129-04426,55
129N04110,55
129N04461,65
129-04294,65
129-04664,55
129N04754,55
129N04135,65
129N04304,65
129N04369,55
129N04745,45
129+04615,65
129+04642,55
129P04391,65
129P04381,55
129P04411,25
129N04267,55
129N04402,55
129N04296,65
129N04411,15
129N04191,60
129N04410,45
129N04431,30
129-04665,55
129-04192,55
129+04479,45
129+04364,55
129+04374,55
129N04353,55
129+04406,55
129-04116,45
129N04294,65
129N04771,50
129-04180,60
129-04189,60
129+04772,50
129-04283,65
129-04421,50
129+04445,65
129+04136,65
129+13227,65
129+04399,65
129P04126,45
129-04142,65
129P14199,45
129-04290,65
129P04285,65
129+04144,65
129+04253,55
129+04383,55
129+04414,30
129+04287,65
129-04105,55
129+05584,40
129+04365,55
129P04284,65
129+04248,55
129P04331,55
129N04321,65
129N04332,55
129-05866,55
129N04292,65
129+04354,55
129+04134,65
129+04396,65
129+04407,55
129+04371,55
129+04331,55
129+04251,55
129+04255,55
129N04290,65
129-04676,65
129+04770,50
129N04386,65
129N04346,65
129N04751,40
129N04190,60
129N04268,55
129N04370,55
129N04314,55
129N04664,55
129N04333,55
129N04426,55
129N04450,65
129N04405,55
129P04281,65
129P04108,55
129+04447,65
129+04461,65
129+04387,65
129+04410,25
129+04340,65
129N04776,50
129P13226,55
129P04642,55
129+04191,60
129N04140,65
129+04773,50
129+04921,40
129P04272,35
129P04298,65
129N04263,55
129N04276,65
129N04367,55
129N04305,65
129N04275,65
129N04778,50
129N04375,55
129N04180,60
129P04750,45
129-04404,55
129-04286,65
129-04743,55
129+04316,65
129-04138,65
129-04346,65
129P04387,65
129P04434,45
129P04340,65
129P04445,65
129+04126,45
129+04778,50
129-04143,65
129-04374,55
129-04392,65
129-04178,60
129P04678,65
129N16182,65
129+04183,60
129-04624,65
129P04141,65
129P04319,65
129P04142,65
129-04750,45
129-04414,50
129P16182,65
129+04412,25
129+04338,55
129+04292,65
129+04345,65
129+04382,55
129N04365,55
129+04315,60
129+04120,45
129+04263,40
129+04386,60
129+04627,65
129N04142,65
129N04444,65
129+04312,55
129N04921,40
129N04104,55
129-04277,65
129N04134,65
129P04480,55
129-04373,55
129+04283,65
129+04336,55
129+04254,55
129+04613,65
129+04301,65
129-04144,65
129N04623,65
129P04135,65
129P04250,55
129P04449,65
129P04451,60
129-04419,55
129N04383,55
129N04123,45
129N04244,55
129N04264,55
129-04128,55
129P04123,45
129+04289,65
129+04333,55
129+04918,45
129+04291,65
129-04677,65
129-04114,45
129+04188,60
129N04113,55
129+04446,65
129+04141,65
129+04448,65
129+04308,65
129+04640,55
129+04133,65
129-04263,55
129+04185,60
129-04314,55
129-04370,55
129-04418,55
129+04294,65
129P04414,35
129+04389,65
129N04183,60
129N04341,65
129+04282,65
129+04324,65
129+04104,55
129-04375,55
129-04345,65
129-04401,55
129-04749,45
129P04333,55
129-04280,65
129-04448,65
129-04397,65
129+04137,65
129-04754,55
129-04119,45
129P04378,55
129-04243,55
129-04287,65
129-04363,55
129-04642,55
129+04311,65
129+04747,45
129+04431,30
129-04335,55
129-04134,65
129-04194,55
129N04340,65
129-04295,65
129-04447,65
129N04312,55
129N04415,50
129N04398,65
129N04384,55
129-04356,55
129-04773,50
129N04377,55
129N04133,65
129N04143,65
129N04308,65
129N04284,65
129-04613,65
129P04290,65
129P04348,65
129N04103,55
129N04414,50
129N04252,55
129N04418,55
129N04625,65
129N04318,65
129-04112,55
129N04283,65
129-13228,65
129P04328,50
129N04279,65
129P04129,55
129P04181,60
129N04109,55
129+04756,45
129-04132,65
129-04141,65
129P04641,55
129P04262,40
129P04349,65
129P04756,45
129-04663,55
129-04772,50
129-04276,65
129-04284,65
129-04367,55
129-04343,65
129P04401,55
129+04189,60
129N04641,55
129N04317,65
129P04614,65
129P04292,65
129P04663,55
129P04280,65
129N04185,60
129-04253,55
129P04392,65
129P04443,65
129P04677,65
129N04380,55
129N04247,55
129N04335,55
129N04396,65
129N04178,60
129N04348,65
129P04781,50
129N04344,65
129N04098,55
129N04362,55
129N04106,55
129P04745,45
129N04270,55
129N04349,65
129N04614,65
129-13226,65
129P04246,55
129P04751,40
129N04339,65
129-04103,55
129-04308,65
129-04380,55
129N04351,50
129N04265,55
129N04307,65
129N04395,65
129N04420,50
129-04251,55
129-04776,50
129N04342,65
129N04138,65
129N04192,55
129N04413,45
129-04307,65
129-04389,65
129-04449,65
129-04293,65
129N04137,65
129N04677,65
129N04181,60
129N04274,65
129N04309,65
129N04322,65
129N04358,55
129N04378,55
129N04193,55
129N04328,55
129N04327,55
129-04185,60
129-04247,55
129N04114,45
129-04393,65
129-04415,50
129-04336,55
129N04251,55
129-04366,55
129-04354,55
129N04338,55
129P04918,45
129-04107,55
129-04129,55
129-04752,50
129-04879,40
129N04421,50
129-04446,65
129-04395,65
129P04269,55
129P04396,65
129N04139,65
129N04371,55
129N04374,55
129N04624,65
129N04643,55
129-04288,65
129-04301,65
129P04185,60
129P04293,65
129P04268,55
129P04303,65
129P04426,65
129-04623,65
129P04300,65
129P04359,55
129P04418,50
129+04402,55
129+04181,60
129+04429,55
129-04435,45
129P04103,55
129P04264,55
129N04100,55
129P04311,55
129P14230,65
129-04098,55
129-04184,60
129-04297,65
129-04781,50
129P04114,45
129-04273,65
129-04412,25
129-04612,65
129N04120,45
129P04774,50
129P04347,65
129P04188,60
129P04277,65
129-04264,55
129-04359,55
129-04755,55
129-04262,50
129-04313,55
129-04291,65
129+04665,55
129P04397,65
129P04283,65
129P04380,55
129-04396,65
129-04450,65
129-04920,35
129P04446,65
129+14230,65
129P04335,55
129P04771,50
129P04307,65
129-04321,65
129P04400,55
129P04461,65
129P04420,50
129P04779,50
129+04309,65
129P04775,50
129-04639,55
129+04145,65
129+04416,45
129+04625,65
129+04140,65
129+04274,65
129+04375,55
129+04415,35
129N13228,65
129P04323,65
129+04626,65
129P04137,65
129P04183,60
129P04305,65
129P04435,45
129P04189,60
129P04098,55
129P04106,55
129P04776,50
129+04328,50
129+04751,45
129N04640,55
129P04102,55
129P04329,50
129P04109,55
129P04116,45
129P04132,65
129P04309,65
129P04145,65
129P04193,55
129P04136,65
129P04358,55
129P04919,45
129P04627,65
129P04365,55
129P04273,65
129P04128,55
129P04393,65
129+04462,65
129P04321,65
129+09183,50
129+04321,65
129+04425,65
129P04192,60
129P04130,55
129+04346,65
129+04755,45
129P04248,55
129P04615,45
129P04364,55
129P04383,55
129P04394,65
129+04782,50
129P04356,55
129P04773,50
129P04278,65
129N04145,65
129N04423,65
129N04435,45
129P04442,65
129P04479,45
129P04336,55
129N04189,60
129N04299,65
129+04643,55
129P04626,65
129-04181,60
129-04302,65
129-04360,55
129P04263,40
129P04287,65
129N04663,55
129N04115,45
129N04293,65
129N04350,65
129-04774,50
129P04377,55
129P04384,55
129P04265,55
129P04623,65
129-04127,55
129-04627,65
129P04345,65
129P04639,55
129-04350,65
129-04429,55
129+04114,45
129-04411,15
129P04179,60
129-04101,55
129+04426,65
129+04277,65
129+04359,55
129+04408,55
129+04101,55
129+04295,65
129+04320,65
129-04310,60
129+04395,65
129P04404,55
129P04369,55
129N04407,55
129+04323,65
129P04423,65
129P04431,40
129P04316,65
129-04110,55
129-04408,45
129N04363,55
129N04254,55
129N13226,65
129N04416,50
129P04327,50
129P04361,55
129+04667,55
129+04305,65
129N04428,55
129N04627,65
129-04358,55
129N04245,55
129P04324,65
129P04667,55
129N14230,65
129+04368,55
129N04326,55
129N04429,55
129-04745,45
129P04270,55
129P04326,55
129P04406,55
129P04379,55
129P04271,35
129P04346,65
129+04247,55
129+04677,65
129P04368,55
129P04666,55
129N04774,50
129P04104,55
129P04180,60
129P04334,55
129-04348,65
129-04362,55
129-04424,65
129-04480,55
129P04190,60
129P04421,50
129P04385,45
129P04664,55
129P04252,55
129P04353,55
129-04377,55
129N04644,55
129P04409,25
129N04320,65
129P04191,60
129P04143,65
129P04100,55
129P04275,65
129-04432,45
129N04316,65
129N04352,55
129P04101,55
129P04254,55
129P04187,60
129P04625,65
129-04109,55
129-04326,55
129+04116,45
129+04363,55
129+04377,55
129-04183,60
129-04369,55
129N04387,65
129-04409,40
129-04275,65
129+04403,55
129P04112,55
129-04250,55
129-04443,65
129-04407,55
129P04363,55
129P04408,55
129-04355,55
129-04442,65
129-04444,65
129-04246,55
129-04371,55
129P04295,65
129+04352,55
129-04179,60
129-04108,55
129+04419,50
129P04291,65
129-04417,50
129+04325,60
129-04423,65
129N04356,55
129N04301,65
129N04445,65
129N04132,65
129P04177,60
129P04376,55
129P04351,25
129P04308,65
129P04450,65
129P04374,55
129-04121,45
129N04319,65
129+04367,55
129-04614,60
129-04641,55
129+04243,55
129+04388,65
129+04480,55
129+04661,65
129+04186,60
129N04366,55
129N04343,65
129N04282,65
129N04750,45
129N04195,55
129N04281,65
129+04355,55
129+04180,60
129+04743,45
129+04275,65
129-13227,65
129N04249,55
129+04341,65
129N04129,55
129+04182,60
129N04397,65
129N04112,55
129N04131,65
129N04432,45
129+04752,40
129+04424,65
129P04195,50
129P04372,55
129+04420,55
129+04644,55
129-04304,65
129P04367,55
129P04120,45
129P04310,65
129P04314,55
129P04427,40
129P04286,65
129+04777,50
129+04190,60
129P04398,65
129P04389,65
129P04322,65
129P04746,45
129-04441,65
129+04614,65
129+04638,55
129N04419,55
129N04446,65
129P05584,40
129P04186,60
129P04624,65
129P04342,65
129+04123,45
129+04303,65
129-04747,45
129-04292,65
129-04779,50
129N04666,55
129N04480,55
129N04746,45
129N04300,65
129P04921,40
129P04343,65
129P04428,55
129N04747,45
129N04770,50
129N04243,55
129-04368,55
129N04743,55
129-04135,65
129P04312,55
129P04413,25
129P04444,65
129+04746,45
129-04352,55
129-04919,45
129-04100,55
129P04373,55
129-04187,60
129P04099,55
129P04747,45
129-04190,60
129P04127,55
129P04371,55
129-04115,45
129-04131,65
129-04349,65
129-04137,65
129P04107,55
129P04318,65
129-04319,65
129-04324,65
129P04425,65
129+04450,65
129+04678,65
129P13228,65
129+04143,65
129+04664,55
129P13227,65
129+04317,65
129+04357,55
129N13227,65
129+04179,60
129P04306,65
129P04315,65
129-04403,55
129+04306,65
129+04266,55
129+04319,65
129-04102,55
129-04391,65
129-04405,55
129+04299,65
129+04286,65
129+04434,45
129+04397,65
129+04372,55
129-04126,55
129-04252,55
129-04331,55
129+04110,55
129P04357,55
129+04108,55
129+04774,50
129P04115,45
129+04194,55
129P04613,65
129+04302,65
129+04342,65
129P04125,45
129P04390,65
129P04194,55
129+04327,50
129P04412,25
129+04318,65
129+04370,55
129P04638,55
129+04334,55
129+04451,65
129+04178,60
129P04344,65
129+04142,65
129+04332,55
129+04329,50
129+04122,45
129+04271,55
129+14199,45
129N04399,65
129P04251,55
129+04427,65
129+04663,55
129+04421,50
129+04246,55
129+04268,55
129+04337,55
129+04391,65
129+04297,65
129P04350,65
129P04402,55
129P04304,65
129P04410,25
129P04415,35
129P04628,65
129P04139,65
129+04107,55
129+04418,50
129+04298,65
129+04313,55
129+04356,55
129+04358,55
129+04285,65
129+04361,55
129P04113,55
129+04641,55
129+04265,55
129P04140,65
129+04127,55
129+04284,65
129+04192,60
129+04250,55
129+04379,55
129P04424,65
129P04382,55
129P04276,65
129P04403,55
129P04354,55
129P04416,50
129P04317,65
129P04460,65
129P04752,25
129P04417,50
129P04388,65
129P04289,65
129P04772,50
129+04252,55
129+04290,65
129+04449,65
129+04125,45
129+04411,25
129+04433,45
129+04780,50
129+04100,55
129+04112,55
129+04195,55
129+04404,55
129+04350,65
129+04310,65
129+04105,55
129+04184,60
129+04378,55
129+04393,65
129+04117,45
129+04124,45
129+04380,55
129+04245,55
